ACCURACY ADDRESS REPORT,Unnamed: 1,Unnamed: 2,Unnamed: 3,Unnamed: 4,Unnamed: 5,Unnamed: 6,Unnamed: 7,Unnamed: 8,Unnamed: 9
,,,,,,,,,
Addresses,,,,,,,,,
Description,Name,TMB,Bank,Bits,Location,Por,User,path,rdl_data
CLOCK_accuracy_at_400KHz_50K,CLOCKaccuracy,0x01,0,5,4:0,0x00,,"XWALTZ,XceleraCORE,XCLOCK,XMAIN,drm_hex0x01","{'nesto': 'oscillator_d9a22b83', 'fields': [{'desc': 'CLOCKaccuracy', 'name': 'CLOCKaccuracy', 'function': 'code', 'readwrite': 'readonly'}]}"
CLOCK_accuracy_at_400KHz_50K,CLOCKaccuracy,0x01,0,3,7:5,0x00,,"XWALTZ,XceleraCORE,XCLOCK,XMAIN,drm_hex0x01","{'nesto': 'oscillator_d9a22b83', 'fields': [{'desc': 'CLOCKaccuracy', 'name': 'CLOCKaccuracy', 'function': 'code', 'readwrite': 'readonly'}]}"
CLOCK_accuracy_at_400KHz_50K,CLOCKaccuracy,0x01,1,5,4:0,0x00,,"XWALTZ,XceleraCORE,XCLOCK,XMAIN,drm_hex0x01","{'nesto': 'oscillator_d9a22b83', 'fields': [{'desc': 'CLOCKaccuracy', 'name': 'CLOCKaccuracy', 'function': 'code', 'readwrite': 'readonly'}]}"
CLOCK_accuracy_at_400KHz_50K,CLOCKaccuracy,0x01,1,3,7:5,0x00,,"XWALTZ,XceleraCORE,XCLOCK,XMAIN,drm_hex0x01","{'nesto': 'oscillator_d9a22b83', 'fields': [{'desc': 'CLOCKaccuracy', 'name': 'CLOCKaccuracy', 'function': 'code', 'readwrite': 'readonly'}]}"
Lowside_Negative_Current_Accuracy,botswinegacc,0x06,0,8,7:0,0x00,,"XWALTZ,XceleraCORE,XDRIVER,XBOTSW,drm_hex0x06","{'nesto': 'currentlimitfet_282c42a8', 'fields': [{'desc': 'botswinegacc', 'name': 'botswinegacc', 'function': 'code', 'readwrite': 'readonly'}]}"
BottomSW_Zcross,botswzcrossacc,0x06,1,8,7:0,0x00,,"XWALTZ,XceleraCORE,XDRIVER,XBOTSW,drm_hex0x06","{'nesto': 'currentlimitfet_bdeab8a2', 'fields': [{'desc': 'botswzcrossacc', 'name': 'botswzcrossacc', 'function': 'code', 'readwrite': 'readonly'}]}"
Lowside_Zero_Cross_Accuracy,botswipeakacc,0x06,2,8,7:0,0x00,,"XWALTZ,XceleraCORE,XDRIVER,XBOTSW,drm_hex0x06","{'nesto': 'currentlimitfet_2899e616', 'fields': [{'desc': 'botswipeakacc', 'name': 'botswipeakacc', 'function': 'code', 'readwrite': 'readonly'}]}"
Highside_Current_Limit_Trim,TOPSWITCHaccuracy,0x07,0,8,7:0,0x00,,"XWALTZ,XceleraCORE,XDRIVER,XTOPSW,drm_hex0x07","{'nesto': 'currentlimitfet_e27944c0', 'fields': [{'desc': 'TOPSWITCHaccuracy', 'name': 'TOPSWITCHaccuracy', 'function': 'code', 'readwrite': 'readonly'}]}"
Trim_Slope_Comp_Amplitude,SLOPECOMPENSATIONaccuracy,0x07,2,4,3:0,0x00,,"XWALTZ,XceleraCORE,XDRIVER,XTOPSW,drm_hex0x07","{'nesto': 'slopecomp_00a4cb3c', 'fields': [{'desc': 'SLOPECOMPENSATIONaccuracy', 'name': 'SLOPECOMPENSATIONaccuracy', 'function': 'code', 'readwrite': 'readonly'}]}"
Thermal_shutdowen,THERMALaccuracy,0x08,0,3,2:0,0x00,,"XWALTZ,XceleraCORE,XFAULTMANAGER,XMAIN,drm_hex0x08","{'nesto': 'thermal_b84c0fbd', 'fields': [{'desc': 'THERMALaccuracy', 'name': 'THERMALaccuracy', 'function': 'code', 'readwrite': 'readonly'}]}"
Voltage_Control_Node_Clamp_Accuracy_to_3V,VCclampACCURACY,0x0C,1,8,7:0,0x00,,"XWALTZ,XceleraCORE,XREGULATION,XMAIN,drm_hex0x0C","{'nesto': 'clamp_57e24cde', 'fields': [{'desc': 'VCclampACCURACY', 'name': 'VCclampACCURACY', 'function': 'code', 'readwrite': 'readonly'}]}"
FB_Reference_buffer_Accuracy,REFbufferACCURACY,0x0C,2,7,6:0,0x00,,"XWALTZ,XceleraCORE,XREGULATION,XMAIN,drm_hex0x0C","{'nesto': 'vbuffer_602daa59', 'fields': [{'desc': 'REFbufferACCURACY', 'name': 'REFbufferACCURACY', 'function': 'code', 'readwrite': 'readonly'}]}"
FB_Reference_buffer_Accuracy,REFbufferACCURACY,0x0C,3,7,6:0,0x00,,"XWALTZ,XceleraCORE,XREGULATION,XMAIN,drm_hex0x0C","{'nesto': 'vbuffer_602daa59', 'fields': [{'desc': 'REFbufferACCURACY', 'name': 'REFbufferACCURACY', 'function': 'code', 'readwrite': 'readonly'}]}"
text,GMaccuracy,0x0C,4,7,6:0,0x00,,"XWALTZ,XceleraCORE,XREGULATION,XMAIN,drm_hex0x0C","{'nesto': 'gm_6be6af5d', 'fields': [{'desc': 'GMaccuracy', 'name': 'GMaccuracy', 'function': 'code', 'readwrite': 'readonly'}]}"
text,GMaccuracy,0x0C,5,7,6:0,0x00,,"XWALTZ,XceleraCORE,XREGULATION,XMAIN,drm_hex0x0C","{'nesto': 'gm_6be6af5d', 'fields': [{'desc': 'GMaccuracy', 'name': 'GMaccuracy', 'function': 'code', 'readwrite': 'readonly'}]}"
Curvature_Correction_Accuracy,REFCCacc,0x0E,0,6,5:0,0x00,,"XWALTZ,XceleraCORE,XSERVICE,XMAIN,drm_hex0x0E","{'nesto': 'reference_4fa591be', 'fields': [{'desc': 'REFCCacc', 'name': 'REFCCacc', 'function': 'code', 'readwrite': 'readonly'}]}"
Curvature_Correction_Accuracy,REFCCacc,0x0E,1,7,6:0,0x00,,"XWALTZ,XceleraCORE,XSERVICE,XMAIN,drm_hex0x0E","{'nesto': 'reference_4fa591be', 'fields': [{'desc': 'REFCCacc', 'name': 'REFCCacc', 'function': 'code', 'readwrite': 'readonly'}]}"
VCC_5V_Accuracy,VCCaccuracy,0x0E,4,8,7:0,0x00,,"XWALTZ,XceleraCORE,XSERVICE,XMAIN,drm_hex0x0E","{'nesto': 'vbias_06fccf36', 'fields': [{'desc': 'VCCaccuracy', 'name': 'VCCaccuracy', 'function': 'code', 'readwrite': 'readonly'}]}"
VCC_5V_Accuracy,VCCaccuracy,0x0E,5,8,7:0,0x00,,"XWALTZ,XceleraCORE,XSERVICE,XMAIN,drm_hex0x0E","{'nesto': 'vbias_06fccf36', 'fields': [{'desc': 'VCCaccuracy', 'name': 'VCCaccuracy', 'function': 'code', 'readwrite': 'readonly'}]}"
VCC_5V_Accuracy,VCCaccuracy,0x0E,6,8,7:0,0x00,,"XWALTZ,XceleraCORE,XSERVICE,XMAIN,drm_hex0x0E","{'nesto': 'vbias_06fccf36', 'fields': [{'desc': 'VCCaccuracy', 'name': 'VCCaccuracy', 'function': 'code', 'readwrite': 'readonly'}]}"
