FACTORY ADDRESS REPORT,Unnamed: 1,Unnamed: 2,Unnamed: 3,Unnamed: 4,Unnamed: 5,Unnamed: 6,Unnamed: 7,Unnamed: 8,Unnamed: 9
,,,,,,,,,
Addresses,,,,,,,,,
Description,Name,TMB,Bank,Bits,Location,Por,User,path,rdl_data
Adjust_Minimum_off_time,CLOCKofftime,0x02,0,4,3:0,0x09,,"XWALTZ,XceleraCORE,XCLOCK,drm_hex0x02","{'nesto': '', 'fields': [{'desc': 'Adjust_Minimum_off_time', 'name': 'CLOCKofftime', 'enums': [{'desc': '0.0ns', 'name': 'Threshold_0.0ns'}, {'desc': '8.0ns', 'name': 'Threshold_8.0ns'}, {'desc': '16.0ns', 'name': 'Threshold_16.0ns'}, {'desc': '24.0ns', 'name': 'Threshold_24.0ns'}, {'desc': '32.0ns', 'name': 'Threshold_32.0ns'}, {'desc': '40.0ns', 'name': 'Threshold_40.0ns'}, {'desc': '48.0ns', 'name': 'Threshold_48.0ns'}, {'desc': '56.0ns', 'name': 'Threshold_56.0ns'}, {'desc': '64.0ns', 'name': 'Threshold_64.0ns'}, {'desc': '72.0ns', 'name': 'Threshold_72.0ns'}, {'desc': '80.0ns', 'name': 'Threshold_80.0ns'}, {'desc': '88.0ns', 'name': 'Threshold_88.0ns'}, {'desc': '96.0ns', 'name': 'Threshold_96.0ns'}, {'desc': '104.0ns', 'name': 'Threshold_104.0ns'}, {'desc': '112.0ns', 'name': 'Threshold_112.0ns'}, {'desc': '120.0ns', 'name': 'Threshold_120.0ns'}], 'function': 'range', 'range_lsb': 8.0, 'readwrite': 'readwrite', 'range_start': 0.0, 'range_units': 'ns'}]}"
Algorithm5p9_STATE_control,Algorithm5p9_statecontrol,0x03,0,5,4:0,0x10,,"XWALTZ,XceleraCORE,XCONTROL,XCONTROL,drm_hex0x03","{'nesto': '', 'fields': [{'desc': 'Algorithm5p9_STATE_control', 'name': 'Algorithm5p9_statecontrol', 'enums': [{'desc': '', 'name': ''}, {'desc': '', 'name': ''}, {'desc': '', 'name': ''}, {'desc': '', 'name': ''}, {'desc': '', 'name': ''}, {'desc': '', 'name': ''}, {'desc': '', 'name': ''}, {'desc': '', 'name': ''}, {'desc': '', 'name': ''}, {'desc': '', 'name': ''}, {'desc': '', 'name': ''}, {'desc': '', 'name': ''}, {'desc': '', 'name': ''}, {'desc': '', 'name': ''}, {'desc': '', 'name': ''}, {'desc': '', 'name': ''}, {'desc': '', 'name': ''}, {'desc': '', 'name': ''}, {'desc': '', 'name': ''}, {'desc': '', 'name': ''}, {'desc': '', 'name': ''}, {'desc': '', 'name': ''}, {'desc': '', 'name': ''}, {'desc': '', 'name': ''}, {'desc': '', 'name': ''}, {'desc': '', 'name': ''}, {'desc': '', 'name': ''}, {'desc': '', 'name': ''}, {'desc': '', 'name': ''}, {'desc': '', 'name': ''}, {'desc': '', 'name': ''}, {'desc': '', 'name': ''}], 'function': 'code', 'readwrite': 'readonly'}]}"
CONTROL_configuration,CONTROLconfiguration,0x04,0,3,2:0,0x03,,"XWALTZ,XceleraCORE,XCONTROL,drm_hex0x04","{'nesto': '', 'fields': [{'desc': 'Operating_Mode', 'name': 'Operating_Mode', 'enums': [{'desc': 'Discontinous', 'name': 'Discontinous'}, {'desc': 'Continous', 'name': 'Continous'}], 'function': 'function', 'readwrite': 'readwrite'}, {'desc': 'Blank_bottom', 'name': 'Blank_bottom', 'enums': [{'desc': 'Maximum_on_time_fault', 'name': 'Maximum_on_time_fault'}, {'desc': 'Blank_maximum_on_time', 'name': 'Blank_maximum_on_time'}], 'function': 'function', 'readwrite': 'readwrite'}, {'desc': 'Blank_refresh', 'name': 'Blank_refresh', 'enums': [{'desc': 'Refresh_with_ok_driver', 'name': 'Refresh_with_ok_driver'}, {'desc': 'Blank_refresh', 'name': 'Blank_refresh'}], 'function': 'function', 'readwrite': 'readwrite'}]}"
BBM_Status_Enabled,BBMstatus,0x05,0,2,1:0,0x03,,"XWALTZ,XceleraCORE,XDRIVER,XBBM,drm_hex0x05","{'nesto': '', 'fields': [{'desc': 'Bottom_status', 'name': 'Bottom_status', 'enums': [{'desc': 'Enable', 'name': 'Enable'}, {'desc': 'Disable', 'name': 'Disable'}], 'function': 'function', 'readwrite': 'readwrite'}, {'desc': 'Top_status', 'name': 'Top_status', 'enums': [{'desc': 'Enable', 'name': 'Enable'}, {'desc': 'Disable', 'name': 'Disable'}], 'function': 'function', 'readwrite': 'readwrite'}]}"
TOP_Switch_on_delay,TOPSWITCHstatusDELAY,0x05,0,5,6:2,0x12,,"XWALTZ,XceleraCORE,XDRIVER,XBBM,drm_hex0x05","{'nesto': 'timingskew_d7d32aa0', 'fields': [{'desc': 'TOPSWITCHstatusDELAY', 'name': 'TOPSWITCHstatusDELAY', 'function': 'code', 'readwrite': 'readonly'}]}"
BOT_Switch_on_delay,BOTTOMSWITCHstatusDELAY,0x05,1,5,4:0,0x12,,"XWALTZ,XceleraCORE,XDRIVER,XBBM,drm_hex0x05","{'nesto': 'timingskew_b5de11eb', 'fields': [{'desc': 'BOTTOMSWITCHstatusDELAY', 'name': 'BOTTOMSWITCHstatusDELAY', 'function': 'code', 'readwrite': 'readonly'}]}"
Highside_Current_Limit_Trim,TOPSWITCHaccuracy,0x07,1,5,4:0,0x10,,"XWALTZ,XceleraCORE,XDRIVER,XTOPSW,drm_hex0x07","{'nesto': 'currentlimitfet_e27944c0', 'fields': [{'desc': 'TOPSWITCHaccuracy', 'name': 'TOPSWITCHaccuracy', 'function': 'code', 'readwrite': 'readonly'}]}"
Disable_slope_current,DISABLEslope,0x07,1,1,5:5,0x00,,"XWALTZ,XceleraCORE,XDRIVER,XTOPSW,drm_hex0x07","{'nesto': '', 'fields': [{'desc': 'SLOPE_curent', 'name': 'SLOPE_curent', 'enums': [{'desc': 'enable', 'name': 'enable'}, {'desc': 'disable', 'name': 'disable'}], 'function': 'function', 'readwrite': 'readwrite'}]}"
FAULTMANAGER_configuration,FAULTMANAGERconfiguration,0x09,0,2,1:0,0x00,,"XWALTZ,XceleraCORE,XFAULTMANAGER,drm_hex0x09","{'nesto': '', 'fields': [{'desc': 'HICCUPmode', 'name': 'HICCUPmode', 'enums': [{'desc': 'Disable', 'name': 'Disable'}, {'desc': 'Enable', 'name': 'Enable'}], 'function': 'function', 'readwrite': 'readwrite'}, {'desc': 'BLANKthermal', 'name': 'BLANKthermal', 'enums': [{'desc': 'Disable', 'name': 'Disable'}, {'desc': 'Enable', 'name': 'Enable'}], 'function': 'function', 'readwrite': 'readwrite'}]}"
REGUALTION_Configure_DEBUG_controls,REGULATIONtestmode,0x0A,0,3,2:0,0x00,,"XWALTZ,XceleraCORE,XREGULATION,XDEBUG,drm_hex0x0A","{'nesto': '', 'fields': [{'desc': 'VC_override', 'name': 'VC_override', 'enums': [{'desc': 'disable', 'name': 'disable'}, {'desc': 'enable', 'name': 'enable'}], 'function': 'function', 'readwrite': 'readwrite'}, {'desc': 'VSS_override', 'name': 'VSS_override', 'enums': [{'desc': 'disable', 'name': 'disable'}, {'desc': 'enable', 'name': 'enable'}], 'function': 'function', 'readwrite': 'readwrite'}, {'desc': 'VSS_status', 'name': 'VSS_status', 'enums': [{'desc': 'Low', 'name': 'Low'}, {'desc': 'High', 'name': 'High'}], 'function': 'function', 'readwrite': 'readwrite'}]}"
Compensation_Resistor,RZCOMP,0x0B,0,3,2:0,0x03,,"XWALTZ,XREGULATION,XMAIN,XCOMPENSATION,drm_hex0x0B","{'nesto': '', 'fields': [{'desc': 'Compensation_Resistor', 'name': 'RZCOMP', 'enums': [{'desc': '', 'name': ''}, {'desc': '', 'name': ''}, {'desc': '', 'name': ''}, {'desc': '', 'name': ''}, {'desc': '', 'name': ''}, {'desc': '', 'name': ''}, {'desc': '', 'name': ''}, {'desc': '', 'name': ''}], 'function': 'code', 'readwrite': 'readwrite'}]}"
Compensation_Gain_resistance,GAINCOMP,0x0B,0,2,4:3,0x01,,"XWALTZ,XREGULATION,XMAIN,XCOMPENSATION,drm_hex0x0B","{'nesto': '', 'fields': [{'desc': 'Compensation_Gain_resistance', 'name': 'GAINCOMP', 'enums': [{'desc': '', 'name': ''}, {'desc': '', 'name': ''}, {'desc': '', 'name': ''}, {'desc': '', 'name': ''}], 'function': 'code', 'readwrite': 'readwrite'}]}"
Compensation_Capacitor,CZCOMP,0x0B,0,3,7:5,0x00,,"XWALTZ,XREGULATION,XMAIN,XCOMPENSATION,drm_hex0x0B","{'nesto': '', 'fields': [{'desc': 'Compensation_Capacitor', 'name': 'CZCOMP', 'enums': [{'desc': '', 'name': ''}, {'desc': '', 'name': ''}, {'desc': '', 'name': ''}, {'desc': '', 'name': ''}, {'desc': '', 'name': ''}, {'desc': '', 'name': ''}, {'desc': '', 'name': ''}, {'desc': '', 'name': ''}], 'function': 'code', 'readwrite': 'readwrite'}]}"
Regulation_output_ripple_in_DCM_mode,DCM_Output_Rripple,0x0C,0,2,1:0,0x01,,"XWALTZ,XceleraCORE,XREGULATION,XMAIN,drm_hex0x0C","{'nesto': 'comparatornoctlpins_1b4420c5', 'fields': [{'desc': 'DCM_Output_Rripple', 'name': 'DCM_Output_Rripple', 'function': 'code', 'readwrite': 'readonly'}]}"
SEQUENCER1waltz_Rev1_STATE_control,SEQUENCER1waltz_Rev1_statecontrol,0x0D,0,4,3:0,0x00,,"XWALTZ,XceleraCORE,XSEQUENCER,XSEQUENCER,drm_hex0x0D","{'nesto': '', 'fields': [{'desc': 'SEQUENCER1waltz_Rev1_STATE_control', 'name': 'SEQUENCER1waltz_Rev1_statecontrol', 'enums': [{'desc': '', 'name': ''}, {'desc': '', 'name': ''}, {'desc': '', 'name': ''}, {'desc': '', 'name': ''}, {'desc': '', 'name': ''}, {'desc': '', 'name': ''}, {'desc': '', 'name': ''}, {'desc': '', 'name': ''}, {'desc': '', 'name': ''}, {'desc': '', 'name': ''}, {'desc': '', 'name': ''}, {'desc': '', 'name': ''}, {'desc': '', 'name': ''}, {'desc': '', 'name': ''}, {'desc': '', 'name': ''}, {'desc': '', 'name': ''}], 'function': 'code', 'readwrite': 'readonly'}]}"
Curvature_Correction_Accuracy,REFCCacc,0x0E,2,5,4:0,0x00,,"XWALTZ,XceleraCORE,XSERVICE,XMAIN,drm_hex0x0E","{'nesto': 'reference_4fa591be', 'fields': [{'desc': 'REFCCacc', 'name': 'REFCCacc', 'function': 'code', 'readwrite': 'readonly'}]}"
Curvature_Correction_Accuracy,REFCCacc,0x0E,3,5,4:0,0x00,,"XWALTZ,XceleraCORE,XSERVICE,XMAIN,drm_hex0x0E","{'nesto': 'reference_4fa591be', 'fields': [{'desc': 'REFCCacc', 'name': 'REFCCacc', 'function': 'code', 'readwrite': 'readonly'}]}"
Softstart_configuration,SOFTSTARTconfiguration,0x0F,0,2,1:0,0x00,,"XWALTZ,XceleraCORE,XSOFTSTART,drm_hex0x0F","{'nesto': '', 'fields': [{'desc': 'Softstart_time', 'name': 'Softstart_time', 'enums': [{'desc': '4ms', 'name': '4ms'}, {'desc': '1ms', 'name': '1ms'}], 'function': 'function', 'readwrite': 'readwrite'}, {'desc': 'Halfway', 'name': 'Halfway', 'enums': [{'desc': 'disable', 'name': 'disable'}, {'desc': 'enable', 'name': 'enable'}], 'function': 'function', 'readwrite': 'readwrite'}]}"
