DFT CELL ADDRESS REPORT (Rich),Unnamed: 1,Unnamed: 2,Unnamed: 3,Unnamed: 4,Unnamed: 5,Unnamed: 6,Unnamed: 7,Unnamed: 8,Unnamed: 9,Unnamed: 10
,,,,,,,,,,
General,,,,,,,,,,
0,,,,,,,,,,
Slave Address 0x54,,,,,,,,,,
Addresses,,,,,,,,,,
File,Cell Desc,Address,Ten,Bit,A/D,Address,Desc,Bit,POR,POR
global_cboot_35156756_XU17,global_cboot_35156756_XU17,0x07,T,4,257,257,257,257,0,0
global_comparator_70e67769_XU3,global_comparator_70e67769_XU3,0x0D,T,5,257,257,257,257,0,0
global_comparator_75c89176_XU16,global_comparator_75c89176_XU16,0x12,T,5,257,257,257,257,0,0
global_comparator_ddbf938d_XU22,global_comparator_ddbf938d_XU22,0x0D,T,4,257,257,257,257,0,0
global_currentlimit_2d447a5c_XU17,global_currentlimit_2d447a5c_XU17,0x05,T,0,257,257,257,257,0,0
global_currentlimit_945fe712_XU8,global_currentlimit_945fe712_XU8,0x05,T,2,257,257,257,257,0,0
global_currentlimit_a0afb596_XU9,global_currentlimit_a0afb596_XU9,0x05,T,4,257,257,257,257,0,0
global_fetdriver_bd0adf3c_Xfetdriver1,global_fetdriver_bd0adf3c_Xfetdriver1,0x05,T,6,257,257,257,257,0,0
global_gm_9015e2a4_XU1,global_gm_9015e2a4_XU1,0x0E,T,7,257,257,257,257,0,0
global_resistordivider_37d49b79_XU17,global_resistordivider_37d49b79_XU17,0x0D,T,3,257,257,257,257,0,0
global_slopecomp_f4252e65_XU22,global_slopecomp_f4252e65_XU22,0x07,T,6,257,257,257,257,0,0
global_vbuffer_e96a4067_XU8,global_vbuffer_e96a4067_XU8,0x0D,T,7,257,257,257,257,0,0
ten_016e5221_XU14,ten_016e5221_XU14,0x03,T,0,D,0x03,tdi_016e5221_XU14,0,0,0
ten_0721e5d9_XU56,ten_0721e5d9_XU56,0x10,T,2,D,0x10,tdi_0721e5d9_XU56,2,0,0
ten_10af5487_XU89,ten_10af5487_XU89,0x03,T,4,D,0x03,tdi_10af5487_XU89,4,0,0
ten_14c9168a_XU7,ten_14c9168a_XU7,0x0D,T,0,257,257,257,257,0,0
ten_162b659f_XU9,ten_162b659f_XU9,0x0E,T,6,257,257,257,257,0,0
ten_1955111b_XU7,ten_1955111b_XU7,0x12,T,4,257,257,257,257,0,0
ten_1d78f0e4_XU13,ten_1d78f0e4_XU13,0x0C,T,2,257,257,257,257,0,0
ten_2958f818_XU61,ten_2958f818_XU61,0x10,T,7,D,0x10,tdi_2958f818_XU61,7,0,0
ten_29fa69a5_XU60,ten_29fa69a5_XU60,0x10,T,6,D,0x10,tdi_29fa69a5_XU60,6,0,0
ten_2a0216d2_XU20,ten_2a0216d2_XU20,0x06,T,5,257,257,257,257,0,0
ten_32f97a89_XU11,ten_32f97a89_XU11,0x06,T,0,D,0x05,tdi_32f97a89_XU11,4,0,0
ten_34071f1d_XU15,ten_34071f1d_XU15,0x06,T,2,D,0x05,tdi_34071f1d_XU15,6,0,0
ten_3788e0aa_XU16,ten_3788e0aa_XU16,0x06,T,3,D,0x05,tdi_3788e0aa_XU16,7,0,0
ten_38b575fc_XU10,ten_38b575fc_XU10,0x01,T,0,257,257,257,257,0,0
ten_3bd9bacc_XU59,ten_3bd9bacc_XU59,0x10,T,5,D,0x10,tdi_3bd9bacc_XU59,5,0,0
ten_445acf01_XU57,ten_445acf01_XU57,0x10,T,3,D,0x10,tdi_445acf01_XU57,3,0,0
ten_4d227e72_XU55,ten_4d227e72_XU55,0x10,T,1,D,0x10,tdi_4d227e72_XU55,1,0,0
ten_528f048c_XU10,ten_528f048c_XU10,0x14,T,2,257,257,257,257,0,0
ten_6d67c253_XU1,ten_6d67c253_XU1,0x0C,T,0,257,257,257,257,0,0
ten_6fd414fa_XUPOWERGOODshortdelay,ten_6fd414fa_XUPOWERGOODshortdelay,0x0D,T,2,257,257,257,257,0,0
ten_70525239_XU58,ten_70525239_XU58,0x10,T,4,D,0x10,tdi_70525239_XU58,4,0,0
ten_71505146_XU19,ten_71505146_XU19,0x01,T,3,D,0x01,tdi_71505146_XU19,0,0,0
ten_742857bf_XU2,ten_742857bf_XU2,0x12,T,1,257,257,257,257,0,0
ten_7bb789c1_XU3,ten_7bb789c1_XU3,0x01,T,6,D,0x01,tdi_7bb789c1_XU3,3,0,0
ten_7e48a0c0_XU2,ten_7e48a0c0_XU2,0x09,T,7,257,257,257,257,0,0
ten_7e6d3e04_XU1,ten_7e6d3e04_XU1,0x09,T,0,257,257,257,257,0,0
ten_81f80d4d_XU8,ten_81f80d4d_XU8,0x14,T,7,257,257,257,257,0,0
ten_83ff2716_XU8,ten_83ff2716_XU8,0x0E,T,5,257,257,257,257,0,0
ten_913fa695_XU7,ten_913fa695_XU7,0x0E,T,4,257,257,257,257,0,0
ten_950364d7_XU54,ten_950364d7_XU54,0x10,T,0,D,0x10,tdi_950364d7_XU54,0,0,0
ten_95483466_XU2,ten_95483466_XU2,0x0E,T,2,257,257,257,257,0,0
ten_9e0c6a0f_XU20,ten_9e0c6a0f_XU20,0x03,T,3,D,0x03,tdi_9e0c6a0f_XU20,3,0,0
ten_a6a0ac97_XU3,ten_a6a0ac97_XU3,0x12,T,2,257,257,257,257,0,0
ten_b20889dd_XU21,ten_b20889dd_XU21,0x01,T,5,D,0x01,tdi_b20889dd_XU21,2,0,0
ten_b275df66_XU92,ten_b275df66_XU92,0x03,T,7,D,0x03,tdi_b275df66_XU92,7,0,0
ten_c406e2e9_XU16,ten_c406e2e9_XU16,0x03,T,1,D,0x03,tdi_c406e2e9_XU16,1,0,0
ten_c69fe1aa_XU8,ten_c69fe1aa_XU8,0x0D,T,1,257,257,257,257,0,0
ten_cd882763_XU15,ten_cd882763_XU15,0x12,T,0,257,257,257,257,0,0
ten_d748b831_XU15,ten_d748b831_XU15,0x0C,T,3,257,257,257,257,0,0
ten_d922ca5f_XU6,ten_d922ca5f_XU6,0x0E,T,3,257,257,257,257,0,0
ten_dc7df0cc_XU18,ten_dc7df0cc_XU18,0x03,T,2,D,0x03,tdi_dc7df0cc_XU18,2,0,0
ten_e1c50519_XU90,ten_e1c50519_XU90,0x03,T,5,D,0x03,tdi_e1c50519_XU90,5,0,0
ten_e5798d25_XU18,ten_e5798d25_XU18,0x06,T,4,257,257,257,257,0,0
ten_ec5776d4_XU6,ten_ec5776d4_XU6,0x12,T,3,257,257,257,257,0,0
ten_ed87e5db_XU5,ten_ed87e5db_XU5,0x14,T,5,257,257,257,257,0,0
ten_efe3dfd4_XU91,ten_efe3dfd4_XU91,0x03,T,6,D,0x03,tdi_efe3dfd4_XU91,6,0,0
ten_f4762d45_XU11,ten_f4762d45_XU11,0x0C,T,1,257,257,257,257,0,0
ten_f614d104_XU20,ten_f614d104_XU20,0x01,T,4,D,0x01,tdi_f614d104_XU20,1,0,0
ten_f665b623_XU6,ten_f665b623_XU6,0x14,T,6,257,257,257,257,0,0
ten_f83f6ba2_XU10,ten_f83f6ba2_XU10,0x05,T,7,D,0x05,tdi_f83f6ba2_XU10,3,0,0
ten_fc840bff_XU4,ten_fc840bff_XU4,0x01,T,7,D,0x01,tdi_fc840bff_XU4,4,0,0
ten_fcfb2c12_XU12,ten_fcfb2c12_XU12,0x06,T,1,D,0x05,tdi_fcfb2c12_XU12,5,0,0
ten_hijack_01bc148b_XU28,ten_hijack_01bc148b_XU28,0x0A,T,2,257,257,257,257,0,0
ten_hijack_0b40c959_XU6,ten_hijack_0b40c959_XU6,0x0A,T,6,257,257,257,257,0,0
ten_hijack_1762d8ee_XU11,ten_hijack_1762d8ee_XU11,0x01,T,1,257,257,257,257,0,0
ten_hijack_297df8ef_XU1,ten_hijack_297df8ef_XU1,0x14,T,0,257,257,257,257,0,0
ten_hijack_54e727e4_XU15,ten_hijack_54e727e4_XU15,0x09,T,1,257,257,257,257,0,0
ten_hijack_55e03ae5_XU16,ten_hijack_55e03ae5_XU16,0x09,T,3,257,257,257,257,0,0
ten_hijack_6613b2af_XU3,ten_hijack_6613b2af_XU3,0x0C,T,6,257,257,257,257,0,0
ten_hijack_7e3d0298_XU27,ten_hijack_7e3d0298_XU27,0x0A,T,0,257,257,257,257,0,0
ten_hijack_9929432d_XU17,ten_hijack_9929432d_XU17,0x09,T,5,257,257,257,257,0,0
ten_hijack_9b5d9ad2_XU29,ten_hijack_9b5d9ad2_XU29,0x0A,T,4,257,257,257,257,0,0
ten_hijack_a6d52f4f_XU9,ten_hijack_a6d52f4f_XU9,0x07,T,2,257,257,257,257,0,0
ten_hijack_af379456_XU5,ten_hijack_af379456_XU5,0x06,T,6,257,257,257,257,0,0
ten_hijack_c541f94b_XU16,ten_hijack_c541f94b_XU16,0x0C,T,4,257,257,257,257,0,0
ten_hijack_cad020c2_XU6,ten_hijack_cad020c2_XU6,0x07,T,0,257,257,257,257,0,0
ten_hijack_dcf795e2_XU14,ten_hijack_dcf795e2_XU14,0x14,T,3,257,257,257,257,0,0
ten_hijack_de422ccd_XU11,ten_hijack_de422ccd_XU11,0x0E,T,0,257,257,257,257,0,0
ten_hijacki_01bc148b_XU28,ten_hijacki_01bc148b_XU28,0x0A,T,3,257,257,257,257,0,0
ten_hijacki_0b40c959_XU6,ten_hijacki_0b40c959_XU6,0x0A,T,7,257,257,257,257,0,0
ten_hijacki_1762d8ee_XU11,ten_hijacki_1762d8ee_XU11,0x01,T,2,257,257,257,257,0,0
ten_hijacki_297df8ef_XU1,ten_hijacki_297df8ef_XU1,0x14,T,1,257,257,257,257,0,0
ten_hijacki_54e727e4_XU15,ten_hijacki_54e727e4_XU15,0x09,T,2,257,257,257,257,0,0
ten_hijacki_55e03ae5_XU16,ten_hijacki_55e03ae5_XU16,0x09,T,4,257,257,257,257,0,0
ten_hijacki_6613b2af_XU3,ten_hijacki_6613b2af_XU3,0x0C,T,7,257,257,257,257,0,0
ten_hijacki_7e3d0298_XU27,ten_hijacki_7e3d0298_XU27,0x0A,T,1,257,257,257,257,0,0
ten_hijacki_9929432d_XU17,ten_hijacki_9929432d_XU17,0x09,T,6,257,257,257,257,0,0
ten_hijacki_9b5d9ad2_XU29,ten_hijacki_9b5d9ad2_XU29,0x0A,T,5,257,257,257,257,0,0
ten_hijacki_a6d52f4f_XU9,ten_hijacki_a6d52f4f_XU9,0x07,T,3,257,257,257,257,0,0
ten_hijacki_af379456_XU5,ten_hijacki_af379456_XU5,0x06,T,7,257,257,257,257,0,0
ten_hijacki_c541f94b_XU16,ten_hijacki_c541f94b_XU16,0x0C,T,5,257,257,257,257,0,0
ten_hijacki_cad020c2_XU6,ten_hijacki_cad020c2_XU6,0x07,T,1,257,257,257,257,0,0
ten_hijacki_dcf795e2_XU14,ten_hijacki_dcf795e2_XU14,0x14,T,4,257,257,257,257,0,0
ten_hijacki_de422ccd_XU11,ten_hijacki_de422ccd_XU11,0x0E,T,1,257,257,257,257,0,0
ten_measure_currentlimit_2d447a5c_XU17,ten_measure_currentlimit_2d447a5c_XU17,0x05,T,1,257,257,257,257,0,0
ten_measure_currentlimit_945fe712_XU8,ten_measure_currentlimit_945fe712_XU8,0x05,T,3,257,257,257,257,0,0
ten_measure_currentlimit_98fa5525_XU2,ten_measure_currentlimit_98fa5525_XU2,0x07,T,5,257,257,257,257,0,0
ten_measure_currentlimit_a0afb596_XU9,ten_measure_currentlimit_a0afb596_XU9,0x05,T,5,257,257,257,257,0,0
ten_padopendrain_54c5b105_XU4,ten_padopendrain_54c5b105_XU4,0x0D,T,6,257,257,257,257,0,0
ten_ref_553d3e5b_XU4,ten_ref_553d3e5b_XU4,0x12,T,6,257,257,257,257,0,0
ten_refbg_553d3e5b_XU4,ten_refbg_553d3e5b_XU4,0x12,T,7,257,257,257,257,0,0
ten_taiislopecomp_f4252e65_XU22,ten_taiislopecomp_f4252e65_XU22,0x07,T,7,257,257,257,257,0,0
